<?xml version='1.0' encoding='utf-8' standalone='yes' ?>
<map>
<string name="useSensor">none</string>
<boolean name="quickLoadOnStart" value="true" />
<int name="gamepad_right" value="22" />
<boolean name="useCCore" value="true" />
<boolean name="enableVKeypad" value="false" />
<int name="gamepad_select" value="109" />
<string name="aspectRatio">1.3333</string>
<boolean name="dpad4Way" value="false" />
<boolean name="transparencyEnabled" value="true" />
<string name="refreshRate">default</string>
<string name="autoSyncClientInterval">30</string>
<boolean name="autoSyncClient" value="false" />
<string name="vkeypadLayout">bottom_bottom</string>
<int name="gamepad_up" value="19" />
<boolean name="fullScreenMode" value="true" />
<int name="gamepad_left" value="21" />
<boolean name="soundEnabled" value="true" />
<boolean name="enableHiRes" value="true" />
<string name="orientation">unspecified</string>
<int name="gamepad_down" value="20" />
<boolean name="enableCheats" value="true" />
<int name="gamepad_X" value="99" />
<int name="gamepad_Y" value="100" />
<boolean name="apuEnabled" value="true" />
<string name="vkeypadSize">medium</string>
<string name="frameSkipMode">auto</string>
<int name="gamepad_A" value="96" />
<int name="gamepad_start" value="108" />
<int name="gamepad_TL" value="102" />
<boolean name="hassetkeymap" value="true" />
<int name="gamepad_B" value="97" />
<string name="fastForwardSpeed">2x</string>
<int name="gamepad_TR" value="103" />
<string name="scalingMode">proportional</string>
<boolean name="enableVibrator" value="false" />
<boolean name="useInputMethod" value="true" />
<boolean name="enableTrackball" value="true" />
</map>
