<?xml version='1.0' encoding='utf-8' standalone='yes' ?>
<map>
    <boolean name="_ShowMore" value="true" />
    <int name="_KeyMapId" value="0" />
    <int name="_KeyMapConfigs_0_0" value="99" />
    <int name="_KeyMapConfigs_0_5" value="102" />
    <int name="_KeyMapConfigs_0_14" value="20" />
    <int name="_KeyMapConfigs_0_6" value="108" />
    <int name="_KeyMapConfigs_0_15" value="21" />
    <int name="_KeyMapConfigs_0_7" value="109" />
    <boolean name="_AutoSave" value="true" />
    <int name="_KeyMapConfigs_0_1" value="100" />
    <int name="_KeyMapConfigs_0_2" value="97" />
    <int name="_KeyMapConfigs_0_3" value="96" />
    <int name="_KeyMapConfigs_0_12" value="19" />
    <int name="_KeyMapConfigs_0_4" value="103" />
    <int name="_KeyMapConfigs_0_13" value="22" />
    <string name="_BasePath">/storage/emulated/0/Games/NDS</string>
    <boolean name="hassetkeymap" value="true" />
    <string name="_KeyMapDevices_0">gamepad</string>
    <boolean name="_DisableDeviceButtons" value="true" />
    <boolean name="_First_DeviceInfoShown" value="true" />
    <boolean name="_DisableMapped" value="true" />
    <boolean name="_First_ShortcutInfoShown" value="true" />
</map>
