<?xml version='1.0' encoding='utf-8' standalone='yes' ?>
<map>
<boolean name="playShowCheats" value="false" />
<string name="videoOrientation">0</string>
<string name="videoScaling">stretch</string>
<string name="touchscreenAutoHold">0</string>
<boolean name="gles2N64ScreenClear" value="true" />
<boolean name="gles2N64AlphaTest" value="true" />
<string name="pluginCore">libcore.so</string>
<string name="pathCustomTouchscreen">/storage/sdcard0/</string>
<boolean name="gles2RiceAutoFrameskip" value="false" />
<string name="pathSelectedGame">/storage/sdcard0/game/N64/超级玛丽.v64</string>
<string name="gles2RiceMipmapping">0</string>
<string name="videoFpsRefresh">0</string>
<string name="touchscreenLayout">Mupen64Plus-AE-Analog</string>
<int name="touchscreenScale" value="100" />
<string name="gles2N64Frameskip">-2</string>
<string name="pluginVideo">libgles2glide64.so</string>
<string name="gles2RiceScreenUpdate">4</string>
<string name="inputMapString1">0:22,1:21,2:20,3:19,4:108,5:102,6:97,7:96,8:105,9:99,10:100,11:104,12:103,13:109,16:-1,17:-2,18:-3,19:-4,</string>
<string name="gles2RiceTextureEnhancement">0</string>
<boolean name="inputOctagonConstraints" value="true" />
<boolean name="inputEnabled2" value="false" />
<boolean name="inputEnabled1" value="true" />
<boolean name="inputEnabled4" value="false" />
<boolean name="inputEnabled3" value="false" />
<string name="pathGameSaves">/storage/sdcard0/mupen64plus</string>
<string name="touchscreenAutoHoldables">13~12~5</string>
<boolean name="gles2RiceHiResTextures" value="true" />
<string name="videoPosition">16</string>
<boolean name="acra.enable" value="false" />
<string name="navigationMode">auto</string>
<boolean name="gles2N64Sai" value="false" />
<string name="pluginInput">libinput-android.so</string>
<string name="pluginRsp">librsp-hle.so</string>
<boolean name="inputShareController" value="false" />
<string name="localeOverride"></string>
<boolean name="gles2RiceForceTextureFilter" value="false" />
<string name="pathHiResTextures">/storage/sdcard0/</string>
<string name="videoResolution">0</string>
<string name="audioResampleAlg">trivial</string>
<boolean name="inputVolumeMappable" value="false" />
<boolean name="touchpadEnabled" value="false" />
<boolean name="gles2RiceFastTextureCrc" value="true" />
<boolean name="audioSwapChannels" value="false" />
<string name="touchpadLayout">Mupen64Plus-AE-Xperia-Play</string>
<boolean name="videoRgba8888" value="false" />
<boolean name="gles2N64DepthTest" value="true" />
<boolean name="gles2N64Fog" value="false" />
<boolean name="gles2RiceFastTexture" value="false" />
<boolean name="touchpadFeedback" value="false" />
<boolean name="touchscreenFeedback" value="false" />
<int name="videoActionBarTransparency" value="50" />
<string name="touchscreenHeight"></string>
<boolean name="touchscreenEnabled" value="true" />
<boolean name="hassetkeymap" value="true" />
<string name="touchscreenStyle">../../images/Mupen64Plus-AE-Outline</string>
<boolean name="videoUseFramelimiter" value="false" />
<string name="pluginAudio">libaudio-sdl.so</string>
<string name="videoHardwareType">-1</string>
<string name="r4300Emulator">2</string>
<string name="touchscreenRefresh">0</string>
<int name="touchscreenTransparency" value="100" />
</map>
