<?xml version='1.0' encoding='utf-8' standalone='yes' ?>
<map>
<string name="orientation">unspecified</string>
<boolean name="enableSensor" value="false" />
<boolean name="enableVKeypad" value="false" />
<boolean name="quickLoadOnStart" value="true" />
<boolean name="dpad4Way" value="false" />
<string name="vkeypadSize">medium</string>
<string name="frameSkipMode">auto</string>
<string name="refreshRate">default</string>
<string name="vkeypadLayout">top_bottom</string>
<boolean name="fullScreenMode" value="true" />
<boolean name="soundEnabled" value="true" />
<string name="fastForwardSpeed">2x</string>
<string name="scalingMode">proportional</string>
<boolean name="enableVibrator" value="true" />
<boolean name="useInputMethod" value="false" />
<boolean name="enableTrackball" value="false" />
</map>
