<?xml version='1.0' encoding='utf-8' standalone='yes' ?>
<map>
<string name="gpuPref">/storage/sdcard0/epsxe/bios/libopenglplugin.so</string>
<int name="P1Left" value="21" />
<int name="P1Square" value="100" />
<string name="biosPref">/storage/sdcard0/epsxe/bios/SCPH1001.BIN</string>
<int name="P1Up" value="19" />
<int name="P1X" value="97" />
<int name="P1Down" value="20" />
<int name="P1Triangle" value="99" />
<int name="P1Select" value="109" />
<int name="P1R2" value="105" />
<int name="P1Right" value="22" />
<int name="P1R1" value="103" />
<boolean name="hassetkeymap" value="true" />
<string name="isoPath">/storage/sdcard0/game/ps</string>
<int name="P1Circle" value="96" />
<int name="P1Start" value="108" />
<int name="P1L1" value="102" />
<int name="P1L2" value="104" />
</map>
