<?xml version='1.0' encoding='utf-8' standalone='yes' ?>
<map>
<string name="useSensor">none</string>
<boolean name="confirmOnClose" value="true" />
<boolean name="enableVKeypad" value="false" />
<boolean name="autoSave" value="false" />
<boolean name="linearFiltering" value="true" />
<boolean name="dpad4Way" value="false" />
<string name="soundFrequency">44100</string>
<boolean name="abButtonPress" value="false" />
<boolean name="autoIPS" value="true" />
<string name="saveType">auto</string>
<boolean name="enableGl" value="true" />
<boolean name="fullScreenMode" value="true" />
<boolean name="stretchToFit" value="false" />
<boolean name="enableSound" value="true" />
<string name="solarEmulation">user_setting</string>
<string name="screenOrientation">sensor</string>
<boolean name="enableCheats" value="true" />
<boolean name="enableRumble" value="true" />
<boolean name="useBios" value="false" />
<boolean name="hassetkeymap" value="true" />
<boolean name="lockScreenOrientation" value="false" />
<string name="fastForwardTrigger">toggle</string>
<string name="fastForwardSpeed">8x</string>
<boolean name="enableMosaic" value="true" />
<boolean name="enableVibrator" value="false" />
<boolean name="useInputMethod" value="false" />
<boolean name="speedHack" value="true" />
</map>
