<?xml version='1.0' encoding='utf-8' standalone='yes' ?>
<map>
<boolean name="vpadAutoLayout" value="false" />
<boolean name="enableVPad" value="false" />
<boolean name="renderQuality" value="true" />
<int name="KEY_11" value="103" />
<boolean name="vpadStyle" value="false" />
<string name="screenMode">0</string>
<boolean name="enableAudio" value="true" />
<int name="KEY_7" value="96" />
<int name="KEY_6" value="97" />
<int name="KEY_5" value="20" />
<int name="KEY_4" value="22" />
<int name="KEY_3" value="19" />
<int name="KEY_2" value="21" />
<string name="screenOrient">1</string>
<int name="KEY_1" value="108" />
<boolean name="renderMode" value="true" />
<int name="KEY_0" value="109" />
<boolean name="enablePhysicalKey" value="true" />
<boolean name="firstRun" value="false" />
<int name="KEY_9" value="99" />
<boolean name="enableVibrator" value="false" />
<int name="KEY_10" value="102" />
<int name="KEY_8" value="100" />
</map>
